<?xml version="1.0" encoding="UTF-8"?>
<!DOCTYPE suite SYSTEM "https://testng.org/testng-1.0.dtd">
<suite name="Suite" parallel="tests" verbose="5">

	<test thread-count="5" name="ChromeTest">
		<parameter name="browser" value="chrome"></parameter>
		<classes>
			<class name="testcases.RunLogin" />
			<!-- <class name="testcases.RunCreateLead" /> -->
		</classes>
	</test> <!-- Test -->

	<!-- <test thread-count="5" name="EdgeTest">
		<parameter name="browser" value="edge"></parameter>
		<classes>
			<class name="testcases.RunLogin" />
			<class name="testcases.RunCreateLead" />
		</classes>
	</test> Test

	<test thread-count="5" name="FirefoxTest">
		<parameter name="browser" value="firefox"></parameter>
		<classes>
			<class name="testcases.RunLogin" />
			<class name="testcases.RunCreateLead" />
		</classes>
	</test> Test -->
</suite> <!-- Suite -->
